GEOID,bac,less,tot,perc_bac
51125950100,394,3251,3645,10.809327846364884
51125950200,2044,2081,4125,49.551515151515154
51125950300,930,2391,3321,28.00361336946703
