GEOID,bac,less,tot,perc_bac
51079030101,611,2132,2743,22.274881516587676
51079030102,869,2776,3645,23.84087791495199
51079030200,2455,4707,7162,34.27813459927395
